seed,structure,TM_score,rank
seed_0096,C:\Smile_lab\budgetting O3\Budgeting-O3\outputs\official_boltz_1cll_tm\seed_0096\boltz_results_1CLL\predictions\1CLL\1CLL_model_0.pdb,0.7958910827539285,1
seed_0089,C:\Smile_lab\budgetting O3\Budgeting-O3\outputs\official_boltz_1cll_tm\seed_0089\boltz_results_1CLL\predictions\1CLL\1CLL_model_0.pdb,0.7598030044583539,2
seed_0001,C:\Smile_lab\budgetting O3\Budgeting-O3\outputs\official_boltz_1cll_tm\seed_0001\boltz_results_1CLL\predictions\1CLL\1CLL_model_0.pdb,0.7372519984538277,3
seed_0018,C:\Smile_lab\budgetting O3\Budgeting-O3\outputs\official_boltz_1cll_tm\seed_0018\boltz_results_1CLL\predictions\1CLL\1CLL_model_0.pdb,0.7158121191269067,4
seed_0095,C:\Smile_lab\budgetting O3\Budgeting-O3\outputs\official_boltz_1cll_tm\seed_0095\boltz_results_1CLL\predictions\1CLL\1CLL_model_0.pdb,0.6874023476505878,5
seed_0083,C:\Smile_lab\budgetting O3\Budgeting-O3\outputs\official_boltz_1cll_tm\seed_0083\boltz_results_1CLL\predictions\1CLL\1CLL_model_0.pdb,0.6386714541808802,6
seed_0000,C:\Smile_lab\budgetting O3\Budgeting-O3\outputs\official_boltz_1cll_tm\seed_0000\boltz_results_1CLL\predictions\1CLL\1CLL_model_0.pdb,0.625549313059814,7
seed_0045,C:\Smile_lab\budgetting O3\Budgeting-O3\outputs\official_boltz_1cll_tm\seed_0045\boltz_results_1CLL\predictions\1CLL\1CLL_model_0.pdb,0.6244245410445036,8
seed_0062,C:\Smile_lab\budgetting O3\Budgeting-O3\outputs\official_boltz_1cll_tm\seed_0062\boltz_results_1CLL\predictions\1CLL\1CLL_model_0.pdb,0.6036062561568527,9
seed_0077,C:\Smile_lab\budgetting O3\Budgeting-O3\outputs\official_boltz_1cll_tm\seed_0077\boltz_results_1CLL\predictions\1CLL\1CLL_model_0.pdb,0.6004587470352618,10
seed_0024,C:\Smile_lab\budgetting O3\Budgeting-O3\outputs\official_boltz_1cll_tm\seed_0024\boltz_results_1CLL\predictions\1CLL\1CLL_model_0.pdb,0.5965033387278074,11
seed_0074,C:\Smile_lab\budgetting O3\Budgeting-O3\outputs\official_boltz_1cll_tm\seed_0074\boltz_results_1CLL\predictions\1CLL\1CLL_model_0.pdb,0.5889336620489812,12
seed_0073,C:\Smile_lab\budgetting O3\Budgeting-O3\outputs\official_boltz_1cll_tm\seed_0073\boltz_results_1CLL\predictions\1CLL\1CLL_model_0.pdb,0.587633238575656,13
seed_0059,C:\Smile_lab\budgetting O3\Budgeting-O3\outputs\official_boltz_1cll_tm\seed_0059\boltz_results_1CLL\predictions\1CLL\1CLL_model_0.pdb,0.5815645395783763,14
seed_0055,C:\Smile_lab\budgetting O3\Budgeting-O3\outputs\official_boltz_1cll_tm\seed_0055\boltz_results_1CLL\predictions\1CLL\1CLL_model_0.pdb,0.5794548787744734,15
seed_0069,C:\Smile_lab\budgetting O3\Budgeting-O3\outputs\official_boltz_1cll_tm\seed_0069\boltz_results_1CLL\predictions\1CLL\1CLL_model_0.pdb,0.5787381168731909,16
seed_0056,C:\Smile_lab\budgetting O3\Budgeting-O3\outputs\official_boltz_1cll_tm\seed_0056\boltz_results_1CLL\predictions\1CLL\1CLL_model_0.pdb,0.5742434516322749,17
seed_0044,C:\Smile_lab\budgetting O3\Budgeting-O3\outputs\official_boltz_1cll_tm\seed_0044\boltz_results_1CLL\predictions\1CLL\1CLL_model_0.pdb,0.5729581475521018,18
seed_0039,C:\Smile_lab\budgetting O3\Budgeting-O3\outputs\official_boltz_1cll_tm\seed_0039\boltz_results_1CLL\predictions\1CLL\1CLL_model_0.pdb,0.5726561904692533,19
seed_0048,C:\Smile_lab\budgetting O3\Budgeting-O3\outputs\official_boltz_1cll_tm\seed_0048\boltz_results_1CLL\predictions\1CLL\1CLL_model_0.pdb,0.5704278503710623,20
seed_0034,C:\Smile_lab\budgetting O3\Budgeting-O3\outputs\official_boltz_1cll_tm\seed_0034\boltz_results_1CLL\predictions\1CLL\1CLL_model_0.pdb,0.5692769468766408,21
seed_0086,C:\Smile_lab\budgetting O3\Budgeting-O3\outputs\official_boltz_1cll_tm\seed_0086\boltz_results_1CLL\predictions\1CLL\1CLL_model_0.pdb,0.5685994843327156,22
seed_0066,C:\Smile_lab\budgetting O3\Budgeting-O3\outputs\official_boltz_1cll_tm\seed_0066\boltz_results_1CLL\predictions\1CLL\1CLL_model_0.pdb,0.5683815135739821,23
seed_0032,C:\Smile_lab\budgetting O3\Budgeting-O3\outputs\official_boltz_1cll_tm\seed_0032\boltz_results_1CLL\predictions\1CLL\1CLL_model_0.pdb,0.5676946051401509,24
seed_0057,C:\Smile_lab\budgetting O3\Budgeting-O3\outputs\official_boltz_1cll_tm\seed_0057\boltz_results_1CLL\predictions\1CLL\1CLL_model_0.pdb,0.5652179768085724,25
seed_0030,C:\Smile_lab\budgetting O3\Budgeting-O3\outputs\official_boltz_1cll_tm\seed_0030\boltz_results_1CLL\predictions\1CLL\1CLL_model_0.pdb,0.5641737341703625,26
seed_0005,C:\Smile_lab\budgetting O3\Budgeting-O3\outputs\official_boltz_1cll_tm\seed_0005\boltz_results_1CLL\predictions\1CLL\1CLL_model_0.pdb,0.5641217377037738,27
seed_0017,C:\Smile_lab\budgetting O3\Budgeting-O3\outputs\official_boltz_1cll_tm\seed_0017\boltz_results_1CLL\predictions\1CLL\1CLL_model_0.pdb,0.5615271512045967,28
seed_0014,C:\Smile_lab\budgetting O3\Budgeting-O3\outputs\official_boltz_1cll_tm\seed_0014\boltz_results_1CLL\predictions\1CLL\1CLL_model_0.pdb,0.5610089058427917,29
seed_0075,C:\Smile_lab\budgetting O3\Budgeting-O3\outputs\official_boltz_1cll_tm\seed_0075\boltz_results_1CLL\predictions\1CLL\1CLL_model_0.pdb,0.5606877880195786,30
seed_0067,C:\Smile_lab\budgetting O3\Budgeting-O3\outputs\official_boltz_1cll_tm\seed_0067\boltz_results_1CLL\predictions\1CLL\1CLL_model_0.pdb,0.5592364630562322,31
seed_0013,C:\Smile_lab\budgetting O3\Budgeting-O3\outputs\official_boltz_1cll_tm\seed_0013\boltz_results_1CLL\predictions\1CLL\1CLL_model_0.pdb,0.5553960685916508,32
seed_0051,C:\Smile_lab\budgetting O3\Budgeting-O3\outputs\official_boltz_1cll_tm\seed_0051\boltz_results_1CLL\predictions\1CLL\1CLL_model_0.pdb,0.554779430876938,33
seed_0085,C:\Smile_lab\budgetting O3\Budgeting-O3\outputs\official_boltz_1cll_tm\seed_0085\boltz_results_1CLL\predictions\1CLL\1CLL_model_0.pdb,0.5518192213078814,34
seed_0046,C:\Smile_lab\budgetting O3\Budgeting-O3\outputs\official_boltz_1cll_tm\seed_0046\boltz_results_1CLL\predictions\1CLL\1CLL_model_0.pdb,0.5517323907404292,35
seed_0009,C:\Smile_lab\budgetting O3\Budgeting-O3\outputs\official_boltz_1cll_tm\seed_0009\boltz_results_1CLL\predictions\1CLL\1CLL_model_0.pdb,0.5510936819870051,36
seed_0064,C:\Smile_lab\budgetting O3\Budgeting-O3\outputs\official_boltz_1cll_tm\seed_0064\boltz_results_1CLL\predictions\1CLL\1CLL_model_0.pdb,0.5497211106192951,37
seed_0079,C:\Smile_lab\budgetting O3\Budgeting-O3\outputs\official_boltz_1cll_tm\seed_0079\boltz_results_1CLL\predictions\1CLL\1CLL_model_0.pdb,0.5459474070113409,38
seed_0090,C:\Smile_lab\budgetting O3\Budgeting-O3\outputs\official_boltz_1cll_tm\seed_0090\boltz_results_1CLL\predictions\1CLL\1CLL_model_0.pdb,0.5444974969682954,39
seed_0036,C:\Smile_lab\budgetting O3\Budgeting-O3\outputs\official_boltz_1cll_tm\seed_0036\boltz_results_1CLL\predictions\1CLL\1CLL_model_0.pdb,0.5430315756676725,40
seed_0052,C:\Smile_lab\budgetting O3\Budgeting-O3\outputs\official_boltz_1cll_tm\seed_0052\boltz_results_1CLL\predictions\1CLL\1CLL_model_0.pdb,0.5404928923426761,41
seed_0016,C:\Smile_lab\budgetting O3\Budgeting-O3\outputs\official_boltz_1cll_tm\seed_0016\boltz_results_1CLL\predictions\1CLL\1CLL_model_0.pdb,0.539963109738077,42
seed_0078,C:\Smile_lab\budgetting O3\Budgeting-O3\outputs\official_boltz_1cll_tm\seed_0078\boltz_results_1CLL\predictions\1CLL\1CLL_model_0.pdb,0.535587565525457,43
seed_0022,C:\Smile_lab\budgetting O3\Budgeting-O3\outputs\official_boltz_1cll_tm\seed_0022\boltz_results_1CLL\predictions\1CLL\1CLL_model_0.pdb,0.5349466433727879,44
seed_0040,C:\Smile_lab\budgetting O3\Budgeting-O3\outputs\official_boltz_1cll_tm\seed_0040\boltz_results_1CLL\predictions\1CLL\1CLL_model_0.pdb,0.5325166416989479,45
seed_0025,C:\Smile_lab\budgetting O3\Budgeting-O3\outputs\official_boltz_1cll_tm\seed_0025\boltz_results_1CLL\predictions\1CLL\1CLL_model_0.pdb,0.5303326375883378,46
seed_0033,C:\Smile_lab\budgetting O3\Budgeting-O3\outputs\official_boltz_1cll_tm\seed_0033\boltz_results_1CLL\predictions\1CLL\1CLL_model_0.pdb,0.5270572010969177,47
seed_0003,C:\Smile_lab\budgetting O3\Budgeting-O3\outputs\official_boltz_1cll_tm\seed_0003\boltz_results_1CLL\predictions\1CLL\1CLL_model_0.pdb,0.5262672100356771,48
seed_0010,C:\Smile_lab\budgetting O3\Budgeting-O3\outputs\official_boltz_1cll_tm\seed_0010\boltz_results_1CLL\predictions\1CLL\1CLL_model_0.pdb,0.5261721090845471,49
seed_0053,C:\Smile_lab\budgetting O3\Budgeting-O3\outputs\official_boltz_1cll_tm\seed_0053\boltz_results_1CLL\predictions\1CLL\1CLL_model_0.pdb,0.5219699127148462,50
seed_0094,C:\Smile_lab\budgetting O3\Budgeting-O3\outputs\official_boltz_1cll_tm\seed_0094\boltz_results_1CLL\predictions\1CLL\1CLL_model_0.pdb,0.5160488249794736,51
seed_0037,C:\Smile_lab\budgetting O3\Budgeting-O3\outputs\official_boltz_1cll_tm\seed_0037\boltz_results_1CLL\predictions\1CLL\1CLL_model_0.pdb,0.5155396824003575,52
seed_0023,C:\Smile_lab\budgetting O3\Budgeting-O3\outputs\official_boltz_1cll_tm\seed_0023\boltz_results_1CLL\predictions\1CLL\1CLL_model_0.pdb,0.5069519589087631,53
seed_0008,C:\Smile_lab\budgetting O3\Budgeting-O3\outputs\official_boltz_1cll_tm\seed_0008\boltz_results_1CLL\predictions\1CLL\1CLL_model_0.pdb,0.5063206285007246,54
seed_0071,C:\Smile_lab\budgetting O3\Budgeting-O3\outputs\official_boltz_1cll_tm\seed_0071\boltz_results_1CLL\predictions\1CLL\1CLL_model_0.pdb,0.4878744575165266,55
seed_0097,C:\Smile_lab\budgetting O3\Budgeting-O3\outputs\official_boltz_1cll_tm\seed_0097\boltz_results_1CLL\predictions\1CLL\1CLL_model_0.pdb,0.4811134902178414,56
seed_0029,C:\Smile_lab\budgetting O3\Budgeting-O3\outputs\official_boltz_1cll_tm\seed_0029\boltz_results_1CLL\predictions\1CLL\1CLL_model_0.pdb,0.4780088708198732,57
seed_0049,C:\Smile_lab\budgetting O3\Budgeting-O3\outputs\official_boltz_1cll_tm\seed_0049\boltz_results_1CLL\predictions\1CLL\1CLL_model_0.pdb,0.47278358913121377,58
seed_0012,C:\Smile_lab\budgetting O3\Budgeting-O3\outputs\official_boltz_1cll_tm\seed_0012\boltz_results_1CLL\predictions\1CLL\1CLL_model_0.pdb,0.4693704557865521,59
seed_0050,C:\Smile_lab\budgetting O3\Budgeting-O3\outputs\official_boltz_1cll_tm\seed_0050\boltz_results_1CLL\predictions\1CLL\1CLL_model_0.pdb,0.4647357349172492,60
seed_0041,C:\Smile_lab\budgetting O3\Budgeting-O3\outputs\official_boltz_1cll_tm\seed_0041\boltz_results_1CLL\predictions\1CLL\1CLL_model_0.pdb,0.4630543244870021,61
seed_0007,C:\Smile_lab\budgetting O3\Budgeting-O3\outputs\official_boltz_1cll_tm\seed_0007\boltz_results_1CLL\predictions\1CLL\1CLL_model_0.pdb,0.46042448331971275,62
seed_0058,C:\Smile_lab\budgetting O3\Budgeting-O3\outputs\official_boltz_1cll_tm\seed_0058\boltz_results_1CLL\predictions\1CLL\1CLL_model_0.pdb,0.45921025609521415,63
seed_0004,C:\Smile_lab\budgetting O3\Budgeting-O3\outputs\official_boltz_1cll_tm\seed_0004\boltz_results_1CLL\predictions\1CLL\1CLL_model_0.pdb,0.45789011281735703,64
seed_0031,C:\Smile_lab\budgetting O3\Budgeting-O3\outputs\official_boltz_1cll_tm\seed_0031\boltz_results_1CLL\predictions\1CLL\1CLL_model_0.pdb,0.4574888184336224,65
seed_0002,C:\Smile_lab\budgetting O3\Budgeting-O3\outputs\official_boltz_1cll_tm\seed_0002\boltz_results_1CLL\predictions\1CLL\1CLL_model_0.pdb,0.45528490721489256,66
seed_0092,C:\Smile_lab\budgetting O3\Budgeting-O3\outputs\official_boltz_1cll_tm\seed_0092\boltz_results_1CLL\predictions\1CLL\1CLL_model_0.pdb,0.45505128703225023,67
seed_0035,C:\Smile_lab\budgetting O3\Budgeting-O3\outputs\official_boltz_1cll_tm\seed_0035\boltz_results_1CLL\predictions\1CLL\1CLL_model_0.pdb,0.45244917194908624,68
seed_0091,C:\Smile_lab\budgetting O3\Budgeting-O3\outputs\official_boltz_1cll_tm\seed_0091\boltz_results_1CLL\predictions\1CLL\1CLL_model_0.pdb,0.45228448129391563,69
seed_0065,C:\Smile_lab\budgetting O3\Budgeting-O3\outputs\official_boltz_1cll_tm\seed_0065\boltz_results_1CLL\predictions\1CLL\1CLL_model_0.pdb,0.45223094309798717,70
seed_0027,C:\Smile_lab\budgetting O3\Budgeting-O3\outputs\official_boltz_1cll_tm\seed_0027\boltz_results_1CLL\predictions\1CLL\1CLL_model_0.pdb,0.45147002436458755,71
seed_0080,C:\Smile_lab\budgetting O3\Budgeting-O3\outputs\official_boltz_1cll_tm\seed_0080\boltz_results_1CLL\predictions\1CLL\1CLL_model_0.pdb,0.4507406049530121,72
seed_0070,C:\Smile_lab\budgetting O3\Budgeting-O3\outputs\official_boltz_1cll_tm\seed_0070\boltz_results_1CLL\predictions\1CLL\1CLL_model_0.pdb,0.4505652252198655,73
seed_0063,C:\Smile_lab\budgetting O3\Budgeting-O3\outputs\official_boltz_1cll_tm\seed_0063\boltz_results_1CLL\predictions\1CLL\1CLL_model_0.pdb,0.44968620548692695,74
seed_0068,C:\Smile_lab\budgetting O3\Budgeting-O3\outputs\official_boltz_1cll_tm\seed_0068\boltz_results_1CLL\predictions\1CLL\1CLL_model_0.pdb,0.4486544499728209,75
seed_0099,C:\Smile_lab\budgetting O3\Budgeting-O3\outputs\official_boltz_1cll_tm\seed_0099\boltz_results_1CLL\predictions\1CLL\1CLL_model_0.pdb,0.4475142275743999,76
seed_0011,C:\Smile_lab\budgetting O3\Budgeting-O3\outputs\official_boltz_1cll_tm\seed_0011\boltz_results_1CLL\predictions\1CLL\1CLL_model_0.pdb,0.44471003051368435,77
seed_0038,C:\Smile_lab\budgetting O3\Budgeting-O3\outputs\official_boltz_1cll_tm\seed_0038\boltz_results_1CLL\predictions\1CLL\1CLL_model_0.pdb,0.4360957394572367,78
seed_0081,C:\Smile_lab\budgetting O3\Budgeting-O3\outputs\official_boltz_1cll_tm\seed_0081\boltz_results_1CLL\predictions\1CLL\1CLL_model_0.pdb,0.4316729545996273,79
seed_0047,C:\Smile_lab\budgetting O3\Budgeting-O3\outputs\official_boltz_1cll_tm\seed_0047\boltz_results_1CLL\predictions\1CLL\1CLL_model_0.pdb,0.4301338996981236,80
seed_0026,C:\Smile_lab\budgetting O3\Budgeting-O3\outputs\official_boltz_1cll_tm\seed_0026\boltz_results_1CLL\predictions\1CLL\1CLL_model_0.pdb,0.4236131030046848,81
seed_0019,C:\Smile_lab\budgetting O3\Budgeting-O3\outputs\official_boltz_1cll_tm\seed_0019\boltz_results_1CLL\predictions\1CLL\1CLL_model_0.pdb,0.4225208003438301,82
seed_0060,C:\Smile_lab\budgetting O3\Budgeting-O3\outputs\official_boltz_1cll_tm\seed_0060\boltz_results_1CLL\predictions\1CLL\1CLL_model_0.pdb,0.41787687472444096,83
seed_0088,C:\Smile_lab\budgetting O3\Budgeting-O3\outputs\official_boltz_1cll_tm\seed_0088\boltz_results_1CLL\predictions\1CLL\1CLL_model_0.pdb,0.41746398913814864,84
seed_0098,C:\Smile_lab\budgetting O3\Budgeting-O3\outputs\official_boltz_1cll_tm\seed_0098\boltz_results_1CLL\predictions\1CLL\1CLL_model_0.pdb,0.4157023507953121,85
seed_0015,C:\Smile_lab\budgetting O3\Budgeting-O3\outputs\official_boltz_1cll_tm\seed_0015\boltz_results_1CLL\predictions\1CLL\1CLL_model_0.pdb,0.4135637188791834,86
seed_0087,C:\Smile_lab\budgetting O3\Budgeting-O3\outputs\official_boltz_1cll_tm\seed_0087\boltz_results_1CLL\predictions\1CLL\1CLL_model_0.pdb,0.40141438410762975,87
seed_0061,C:\Smile_lab\budgetting O3\Budgeting-O3\outputs\official_boltz_1cll_tm\seed_0061\boltz_results_1CLL\predictions\1CLL\1CLL_model_0.pdb,0.395930418164523,88
seed_0042,C:\Smile_lab\budgetting O3\Budgeting-O3\outputs\official_boltz_1cll_tm\seed_0042\boltz_results_1CLL\predictions\1CLL\1CLL_model_0.pdb,0.3920243515419632,89
seed_0021,C:\Smile_lab\budgetting O3\Budgeting-O3\outputs\official_boltz_1cll_tm\seed_0021\boltz_results_1CLL\predictions\1CLL\1CLL_model_0.pdb,0.3913221555730592,90
seed_0054,C:\Smile_lab\budgetting O3\Budgeting-O3\outputs\official_boltz_1cll_tm\seed_0054\boltz_results_1CLL\predictions\1CLL\1CLL_model_0.pdb,0.38534876253153977,91
seed_0072,C:\Smile_lab\budgetting O3\Budgeting-O3\outputs\official_boltz_1cll_tm\seed_0072\boltz_results_1CLL\predictions\1CLL\1CLL_model_0.pdb,0.37816757705401555,92
seed_0093,C:\Smile_lab\budgetting O3\Budgeting-O3\outputs\official_boltz_1cll_tm\seed_0093\boltz_results_1CLL\predictions\1CLL\1CLL_model_0.pdb,0.37681238917268256,93
seed_0076,C:\Smile_lab\budgetting O3\Budgeting-O3\outputs\official_boltz_1cll_tm\seed_0076\boltz_results_1CLL\predictions\1CLL\1CLL_model_0.pdb,0.37122048731055063,94
seed_0084,C:\Smile_lab\budgetting O3\Budgeting-O3\outputs\official_boltz_1cll_tm\seed_0084\boltz_results_1CLL\predictions\1CLL\1CLL_model_0.pdb,0.36436098474665135,95
seed_0006,C:\Smile_lab\budgetting O3\Budgeting-O3\outputs\official_boltz_1cll_tm\seed_0006\boltz_results_1CLL\predictions\1CLL\1CLL_model_0.pdb,0.3637364308397504,96
seed_0028,C:\Smile_lab\budgetting O3\Budgeting-O3\outputs\official_boltz_1cll_tm\seed_0028\boltz_results_1CLL\predictions\1CLL\1CLL_model_0.pdb,0.3635929982311814,97
seed_0020,C:\Smile_lab\budgetting O3\Budgeting-O3\outputs\official_boltz_1cll_tm\seed_0020\boltz_results_1CLL\predictions\1CLL\1CLL_model_0.pdb,0.36288713240347537,98
seed_0043,C:\Smile_lab\budgetting O3\Budgeting-O3\outputs\official_boltz_1cll_tm\seed_0043\boltz_results_1CLL\predictions\1CLL\1CLL_model_0.pdb,0.36132810207908117,99
seed_0082,C:\Smile_lab\budgetting O3\Budgeting-O3\outputs\official_boltz_1cll_tm\seed_0082\boltz_results_1CLL\predictions\1CLL\1CLL_model_0.pdb,0.3390571433474562,100
