index,stage,score,structure,latent_file,budget,seed
0,random_pfode,0.3287559892080928,/mnt/SSD3/Chase/budgetting O3/outputs/30jr/n100_k10/runs/30jr_paired_r2/pf_ode/seed_20250117/random/sample_0000.pdb,/mnt/SSD3/Chase/budgetting O3/outputs/30jr/n100_k10/runs/30jr_paired_r2/pf_ode/seed_20250117/latents/latent_0000.npy,n100_k10,20250117
1,random_pfode,0.40839030839993234,/mnt/SSD3/Chase/budgetting O3/outputs/30jr/n100_k10/runs/30jr_paired_r2/pf_ode/seed_20250117/random/sample_0001.pdb,/mnt/SSD3/Chase/budgetting O3/outputs/30jr/n100_k10/runs/30jr_paired_r2/pf_ode/seed_20250117/latents/latent_0001.npy,n100_k10,20250117
2,random_pfode,0.30333663129967514,/mnt/SSD3/Chase/budgetting O3/outputs/30jr/n100_k10/runs/30jr_paired_r2/pf_ode/seed_20250117/random/sample_0002.pdb,/mnt/SSD3/Chase/budgetting O3/outputs/30jr/n100_k10/runs/30jr_paired_r2/pf_ode/seed_20250117/latents/latent_0002.npy,n100_k10,20250117
3,random_pfode,0.3290230135765112,/mnt/SSD3/Chase/budgetting O3/outputs/30jr/n100_k10/runs/30jr_paired_r2/pf_ode/seed_20250117/random/sample_0003.pdb,/mnt/SSD3/Chase/budgetting O3/outputs/30jr/n100_k10/runs/30jr_paired_r2/pf_ode/seed_20250117/latents/latent_0003.npy,n100_k10,20250117
4,random_pfode,0.3314736241016732,/mnt/SSD3/Chase/budgetting O3/outputs/30jr/n100_k10/runs/30jr_paired_r2/pf_ode/seed_20250117/random/sample_0004.pdb,/mnt/SSD3/Chase/budgetting O3/outputs/30jr/n100_k10/runs/30jr_paired_r2/pf_ode/seed_20250117/latents/latent_0004.npy,n100_k10,20250117
5,random_pfode,0.3421763470988164,/mnt/SSD3/Chase/budgetting O3/outputs/30jr/n100_k10/runs/30jr_paired_r2/pf_ode/seed_20250117/random/sample_0005.pdb,/mnt/SSD3/Chase/budgetting O3/outputs/30jr/n100_k10/runs/30jr_paired_r2/pf_ode/seed_20250117/latents/latent_0005.npy,n100_k10,20250117
6,random_pfode,0.3161934317703287,/mnt/SSD3/Chase/budgetting O3/outputs/30jr/n100_k10/runs/30jr_paired_r2/pf_ode/seed_20250117/random/sample_0006.pdb,/mnt/SSD3/Chase/budgetting O3/outputs/30jr/n100_k10/runs/30jr_paired_r2/pf_ode/seed_20250117/latents/latent_0006.npy,n100_k10,20250117
7,random_pfode,0.2585205963719596,/mnt/SSD3/Chase/budgetting O3/outputs/30jr/n100_k10/runs/30jr_paired_r2/pf_ode/seed_20250117/random/sample_0007.pdb,/mnt/SSD3/Chase/budgetting O3/outputs/30jr/n100_k10/runs/30jr_paired_r2/pf_ode/seed_20250117/latents/latent_0007.npy,n100_k10,20250117
8,random_pfode,0.3742524043471253,/mnt/SSD3/Chase/budgetting O3/outputs/30jr/n100_k10/runs/30jr_paired_r2/pf_ode/seed_20250117/random/sample_0008.pdb,/mnt/SSD3/Chase/budgetting O3/outputs/30jr/n100_k10/runs/30jr_paired_r2/pf_ode/seed_20250117/latents/latent_0008.npy,n100_k10,20250117
9,random_pfode,0.3093072302601697,/mnt/SSD3/Chase/budgetting O3/outputs/30jr/n100_k10/runs/30jr_paired_r2/pf_ode/seed_20250117/random/sample_0009.pdb,/mnt/SSD3/Chase/budgetting O3/outputs/30jr/n100_k10/runs/30jr_paired_r2/pf_ode/seed_20250117/latents/latent_0009.npy,n100_k10,20250117
10,random_pfode,0.31531371304395284,/mnt/SSD3/Chase/budgetting O3/outputs/30jr/n100_k10/runs/30jr_paired_r2/pf_ode/seed_20250117/random/sample_0010.pdb,/mnt/SSD3/Chase/budgetting O3/outputs/30jr/n100_k10/runs/30jr_paired_r2/pf_ode/seed_20250117/latents/latent_0010.npy,n100_k10,20250117
11,random_pfode,0.36297770248102285,/mnt/SSD3/Chase/budgetting O3/outputs/30jr/n100_k10/runs/30jr_paired_r2/pf_ode/seed_20250117/random/sample_0011.pdb,/mnt/SSD3/Chase/budgetting O3/outputs/30jr/n100_k10/runs/30jr_paired_r2/pf_ode/seed_20250117/latents/latent_0011.npy,n100_k10,20250117
12,random_pfode,0.3369143438643406,/mnt/SSD3/Chase/budgetting O3/outputs/30jr/n100_k10/runs/30jr_paired_r2/pf_ode/seed_20250117/random/sample_0012.pdb,/mnt/SSD3/Chase/budgetting O3/outputs/30jr/n100_k10/runs/30jr_paired_r2/pf_ode/seed_20250117/latents/latent_0012.npy,n100_k10,20250117
13,random_pfode,0.30669737456356166,/mnt/SSD3/Chase/budgetting O3/outputs/30jr/n100_k10/runs/30jr_paired_r2/pf_ode/seed_20250117/random/sample_0013.pdb,/mnt/SSD3/Chase/budgetting O3/outputs/30jr/n100_k10/runs/30jr_paired_r2/pf_ode/seed_20250117/latents/latent_0013.npy,n100_k10,20250117
14,random_pfode,0.34102195959030035,/mnt/SSD3/Chase/budgetting O3/outputs/30jr/n100_k10/runs/30jr_paired_r2/pf_ode/seed_20250117/random/sample_0014.pdb,/mnt/SSD3/Chase/budgetting O3/outputs/30jr/n100_k10/runs/30jr_paired_r2/pf_ode/seed_20250117/latents/latent_0014.npy,n100_k10,20250117
15,random_pfode,0.34759689679247313,/mnt/SSD3/Chase/budgetting O3/outputs/30jr/n100_k10/runs/30jr_paired_r2/pf_ode/seed_20250117/random/sample_0015.pdb,/mnt/SSD3/Chase/budgetting O3/outputs/30jr/n100_k10/runs/30jr_paired_r2/pf_ode/seed_20250117/latents/latent_0015.npy,n100_k10,20250117
16,random_pfode,0.33637738680600016,/mnt/SSD3/Chase/budgetting O3/outputs/30jr/n100_k10/runs/30jr_paired_r2/pf_ode/seed_20250117/random/sample_0016.pdb,/mnt/SSD3/Chase/budgetting O3/outputs/30jr/n100_k10/runs/30jr_paired_r2/pf_ode/seed_20250117/latents/latent_0016.npy,n100_k10,20250117
17,random_pfode,0.3345743305613696,/mnt/SSD3/Chase/budgetting O3/outputs/30jr/n100_k10/runs/30jr_paired_r2/pf_ode/seed_20250117/random/sample_0017.pdb,/mnt/SSD3/Chase/budgetting O3/outputs/30jr/n100_k10/runs/30jr_paired_r2/pf_ode/seed_20250117/latents/latent_0017.npy,n100_k10,20250117
18,random_pfode,0.3294176127111272,/mnt/SSD3/Chase/budgetting O3/outputs/30jr/n100_k10/runs/30jr_paired_r2/pf_ode/seed_20250117/random/sample_0018.pdb,/mnt/SSD3/Chase/budgetting O3/outputs/30jr/n100_k10/runs/30jr_paired_r2/pf_ode/seed_20250117/latents/latent_0018.npy,n100_k10,20250117
19,random_pfode,0.3557444888202445,/mnt/SSD3/Chase/budgetting O3/outputs/30jr/n100_k10/runs/30jr_paired_r2/pf_ode/seed_20250117/random/sample_0019.pdb,/mnt/SSD3/Chase/budgetting O3/outputs/30jr/n100_k10/runs/30jr_paired_r2/pf_ode/seed_20250117/latents/latent_0019.npy,n100_k10,20250117
20,random_pfode,0.3252774991753366,/mnt/SSD3/Chase/budgetting O3/outputs/30jr/n100_k10/runs/30jr_paired_r2/pf_ode/seed_20250117/random/sample_0020.pdb,/mnt/SSD3/Chase/budgetting O3/outputs/30jr/n100_k10/runs/30jr_paired_r2/pf_ode/seed_20250117/latents/latent_0020.npy,n100_k10,20250117
21,random_pfode,0.39997900803319175,/mnt/SSD3/Chase/budgetting O3/outputs/30jr/n100_k10/runs/30jr_paired_r2/pf_ode/seed_20250117/random/sample_0021.pdb,/mnt/SSD3/Chase/budgetting O3/outputs/30jr/n100_k10/runs/30jr_paired_r2/pf_ode/seed_20250117/latents/latent_0021.npy,n100_k10,20250117
22,random_pfode,0.3335541084173427,/mnt/SSD3/Chase/budgetting O3/outputs/30jr/n100_k10/runs/30jr_paired_r2/pf_ode/seed_20250117/random/sample_0022.pdb,/mnt/SSD3/Chase/budgetting O3/outputs/30jr/n100_k10/runs/30jr_paired_r2/pf_ode/seed_20250117/latents/latent_0022.npy,n100_k10,20250117
23,random_pfode,0.35299364503793035,/mnt/SSD3/Chase/budgetting O3/outputs/30jr/n100_k10/runs/30jr_paired_r2/pf_ode/seed_20250117/random/sample_0023.pdb,/mnt/SSD3/Chase/budgetting O3/outputs/30jr/n100_k10/runs/30jr_paired_r2/pf_ode/seed_20250117/latents/latent_0023.npy,n100_k10,20250117
24,random_pfode,0.35787730560391173,/mnt/SSD3/Chase/budgetting O3/outputs/30jr/n100_k10/runs/30jr_paired_r2/pf_ode/seed_20250117/random/sample_0024.pdb,/mnt/SSD3/Chase/budgetting O3/outputs/30jr/n100_k10/runs/30jr_paired_r2/pf_ode/seed_20250117/latents/latent_0024.npy,n100_k10,20250117
25,random_pfode,0.3293025173639402,/mnt/SSD3/Chase/budgetting O3/outputs/30jr/n100_k10/runs/30jr_paired_r2/pf_ode/seed_20250117/random/sample_0025.pdb,/mnt/SSD3/Chase/budgetting O3/outputs/30jr/n100_k10/runs/30jr_paired_r2/pf_ode/seed_20250117/latents/latent_0025.npy,n100_k10,20250117
26,random_pfode,0.4109895184822079,/mnt/SSD3/Chase/budgetting O3/outputs/30jr/n100_k10/runs/30jr_paired_r2/pf_ode/seed_20250117/random/sample_0026.pdb,/mnt/SSD3/Chase/budgetting O3/outputs/30jr/n100_k10/runs/30jr_paired_r2/pf_ode/seed_20250117/latents/latent_0026.npy,n100_k10,20250117
27,random_pfode,0.3706196647740475,/mnt/SSD3/Chase/budgetting O3/outputs/30jr/n100_k10/runs/30jr_paired_r2/pf_ode/seed_20250117/random/sample_0027.pdb,/mnt/SSD3/Chase/budgetting O3/outputs/30jr/n100_k10/runs/30jr_paired_r2/pf_ode/seed_20250117/latents/latent_0027.npy,n100_k10,20250117
28,random_pfode,0.32088995255293246,/mnt/SSD3/Chase/budgetting O3/outputs/30jr/n100_k10/runs/30jr_paired_r2/pf_ode/seed_20250117/random/sample_0028.pdb,/mnt/SSD3/Chase/budgetting O3/outputs/30jr/n100_k10/runs/30jr_paired_r2/pf_ode/seed_20250117/latents/latent_0028.npy,n100_k10,20250117
29,random_pfode,0.3306487198548626,/mnt/SSD3/Chase/budgetting O3/outputs/30jr/n100_k10/runs/30jr_paired_r2/pf_ode/seed_20250117/random/sample_0029.pdb,/mnt/SSD3/Chase/budgetting O3/outputs/30jr/n100_k10/runs/30jr_paired_r2/pf_ode/seed_20250117/latents/latent_0029.npy,n100_k10,20250117
30,random_pfode,0.32196377056467623,/mnt/SSD3/Chase/budgetting O3/outputs/30jr/n100_k10/runs/30jr_paired_r2/pf_ode/seed_20250117/random/sample_0030.pdb,/mnt/SSD3/Chase/budgetting O3/outputs/30jr/n100_k10/runs/30jr_paired_r2/pf_ode/seed_20250117/latents/latent_0030.npy,n100_k10,20250117
31,random_pfode,0.33185567739235305,/mnt/SSD3/Chase/budgetting O3/outputs/30jr/n100_k10/runs/30jr_paired_r2/pf_ode/seed_20250117/random/sample_0031.pdb,/mnt/SSD3/Chase/budgetting O3/outputs/30jr/n100_k10/runs/30jr_paired_r2/pf_ode/seed_20250117/latents/latent_0031.npy,n100_k10,20250117
32,random_pfode,0.32388163947991017,/mnt/SSD3/Chase/budgetting O3/outputs/30jr/n100_k10/runs/30jr_paired_r2/pf_ode/seed_20250117/random/sample_0032.pdb,/mnt/SSD3/Chase/budgetting O3/outputs/30jr/n100_k10/runs/30jr_paired_r2/pf_ode/seed_20250117/latents/latent_0032.npy,n100_k10,20250117
33,random_pfode,0.396868055854186,/mnt/SSD3/Chase/budgetting O3/outputs/30jr/n100_k10/runs/30jr_paired_r2/pf_ode/seed_20250117/random/sample_0033.pdb,/mnt/SSD3/Chase/budgetting O3/outputs/30jr/n100_k10/runs/30jr_paired_r2/pf_ode/seed_20250117/latents/latent_0033.npy,n100_k10,20250117
34,random_pfode,0.3391690210416288,/mnt/SSD3/Chase/budgetting O3/outputs/30jr/n100_k10/runs/30jr_paired_r2/pf_ode/seed_20250117/random/sample_0034.pdb,/mnt/SSD3/Chase/budgetting O3/outputs/30jr/n100_k10/runs/30jr_paired_r2/pf_ode/seed_20250117/latents/latent_0034.npy,n100_k10,20250117
35,random_pfode,0.32591165609831313,/mnt/SSD3/Chase/budgetting O3/outputs/30jr/n100_k10/runs/30jr_paired_r2/pf_ode/seed_20250117/random/sample_0035.pdb,/mnt/SSD3/Chase/budgetting O3/outputs/30jr/n100_k10/runs/30jr_paired_r2/pf_ode/seed_20250117/latents/latent_0035.npy,n100_k10,20250117
36,random_pfode,0.3617724646572477,/mnt/SSD3/Chase/budgetting O3/outputs/30jr/n100_k10/runs/30jr_paired_r2/pf_ode/seed_20250117/random/sample_0036.pdb,/mnt/SSD3/Chase/budgetting O3/outputs/30jr/n100_k10/runs/30jr_paired_r2/pf_ode/seed_20250117/latents/latent_0036.npy,n100_k10,20250117
37,random_pfode,0.32279087483532826,/mnt/SSD3/Chase/budgetting O3/outputs/30jr/n100_k10/runs/30jr_paired_r2/pf_ode/seed_20250117/random/sample_0037.pdb,/mnt/SSD3/Chase/budgetting O3/outputs/30jr/n100_k10/runs/30jr_paired_r2/pf_ode/seed_20250117/latents/latent_0037.npy,n100_k10,20250117
38,random_pfode,0.35555809305278263,/mnt/SSD3/Chase/budgetting O3/outputs/30jr/n100_k10/runs/30jr_paired_r2/pf_ode/seed_20250117/random/sample_0038.pdb,/mnt/SSD3/Chase/budgetting O3/outputs/30jr/n100_k10/runs/30jr_paired_r2/pf_ode/seed_20250117/latents/latent_0038.npy,n100_k10,20250117
39,random_pfode,0.3417680817449187,/mnt/SSD3/Chase/budgetting O3/outputs/30jr/n100_k10/runs/30jr_paired_r2/pf_ode/seed_20250117/random/sample_0039.pdb,/mnt/SSD3/Chase/budgetting O3/outputs/30jr/n100_k10/runs/30jr_paired_r2/pf_ode/seed_20250117/latents/latent_0039.npy,n100_k10,20250117
40,random_pfode,0.343348864283544,/mnt/SSD3/Chase/budgetting O3/outputs/30jr/n100_k10/runs/30jr_paired_r2/pf_ode/seed_20250117/random/sample_0040.pdb,/mnt/SSD3/Chase/budgetting O3/outputs/30jr/n100_k10/runs/30jr_paired_r2/pf_ode/seed_20250117/latents/latent_0040.npy,n100_k10,20250117
41,random_pfode,0.33822631099733225,/mnt/SSD3/Chase/budgetting O3/outputs/30jr/n100_k10/runs/30jr_paired_r2/pf_ode/seed_20250117/random/sample_0041.pdb,/mnt/SSD3/Chase/budgetting O3/outputs/30jr/n100_k10/runs/30jr_paired_r2/pf_ode/seed_20250117/latents/latent_0041.npy,n100_k10,20250117
42,random_pfode,0.32023743369061763,/mnt/SSD3/Chase/budgetting O3/outputs/30jr/n100_k10/runs/30jr_paired_r2/pf_ode/seed_20250117/random/sample_0042.pdb,/mnt/SSD3/Chase/budgetting O3/outputs/30jr/n100_k10/runs/30jr_paired_r2/pf_ode/seed_20250117/latents/latent_0042.npy,n100_k10,20250117
43,random_pfode,0.35874183047630814,/mnt/SSD3/Chase/budgetting O3/outputs/30jr/n100_k10/runs/30jr_paired_r2/pf_ode/seed_20250117/random/sample_0043.pdb,/mnt/SSD3/Chase/budgetting O3/outputs/30jr/n100_k10/runs/30jr_paired_r2/pf_ode/seed_20250117/latents/latent_0043.npy,n100_k10,20250117
44,random_pfode,0.36844384665693586,/mnt/SSD3/Chase/budgetting O3/outputs/30jr/n100_k10/runs/30jr_paired_r2/pf_ode/seed_20250117/random/sample_0044.pdb,/mnt/SSD3/Chase/budgetting O3/outputs/30jr/n100_k10/runs/30jr_paired_r2/pf_ode/seed_20250117/latents/latent_0044.npy,n100_k10,20250117
45,random_pfode,0.38977915504067,/mnt/SSD3/Chase/budgetting O3/outputs/30jr/n100_k10/runs/30jr_paired_r2/pf_ode/seed_20250117/random/sample_0045.pdb,/mnt/SSD3/Chase/budgetting O3/outputs/30jr/n100_k10/runs/30jr_paired_r2/pf_ode/seed_20250117/latents/latent_0045.npy,n100_k10,20250117
46,random_pfode,0.31414285814087833,/mnt/SSD3/Chase/budgetting O3/outputs/30jr/n100_k10/runs/30jr_paired_r2/pf_ode/seed_20250117/random/sample_0046.pdb,/mnt/SSD3/Chase/budgetting O3/outputs/30jr/n100_k10/runs/30jr_paired_r2/pf_ode/seed_20250117/latents/latent_0046.npy,n100_k10,20250117
47,random_pfode,0.3549788549139957,/mnt/SSD3/Chase/budgetting O3/outputs/30jr/n100_k10/runs/30jr_paired_r2/pf_ode/seed_20250117/random/sample_0047.pdb,/mnt/SSD3/Chase/budgetting O3/outputs/30jr/n100_k10/runs/30jr_paired_r2/pf_ode/seed_20250117/latents/latent_0047.npy,n100_k10,20250117
48,random_pfode,0.29975086205106016,/mnt/SSD3/Chase/budgetting O3/outputs/30jr/n100_k10/runs/30jr_paired_r2/pf_ode/seed_20250117/random/sample_0048.pdb,/mnt/SSD3/Chase/budgetting O3/outputs/30jr/n100_k10/runs/30jr_paired_r2/pf_ode/seed_20250117/latents/latent_0048.npy,n100_k10,20250117
49,random_pfode,0.34628994677492375,/mnt/SSD3/Chase/budgetting O3/outputs/30jr/n100_k10/runs/30jr_paired_r2/pf_ode/seed_20250117/random/sample_0049.pdb,/mnt/SSD3/Chase/budgetting O3/outputs/30jr/n100_k10/runs/30jr_paired_r2/pf_ode/seed_20250117/latents/latent_0049.npy,n100_k10,20250117
50,random_pfode,0.3384583108356145,/mnt/SSD3/Chase/budgetting O3/outputs/30jr/n100_k10/runs/30jr_paired_r2/pf_ode/seed_20250117/random/sample_0050.pdb,/mnt/SSD3/Chase/budgetting O3/outputs/30jr/n100_k10/runs/30jr_paired_r2/pf_ode/seed_20250117/latents/latent_0050.npy,n100_k10,20250117
51,random_pfode,0.3479883414538054,/mnt/SSD3/Chase/budgetting O3/outputs/30jr/n100_k10/runs/30jr_paired_r2/pf_ode/seed_20250117/random/sample_0051.pdb,/mnt/SSD3/Chase/budgetting O3/outputs/30jr/n100_k10/runs/30jr_paired_r2/pf_ode/seed_20250117/latents/latent_0051.npy,n100_k10,20250117
52,random_pfode,0.35390534934250006,/mnt/SSD3/Chase/budgetting O3/outputs/30jr/n100_k10/runs/30jr_paired_r2/pf_ode/seed_20250117/random/sample_0052.pdb,/mnt/SSD3/Chase/budgetting O3/outputs/30jr/n100_k10/runs/30jr_paired_r2/pf_ode/seed_20250117/latents/latent_0052.npy,n100_k10,20250117
53,random_pfode,0.3687442049002261,/mnt/SSD3/Chase/budgetting O3/outputs/30jr/n100_k10/runs/30jr_paired_r2/pf_ode/seed_20250117/random/sample_0053.pdb,/mnt/SSD3/Chase/budgetting O3/outputs/30jr/n100_k10/runs/30jr_paired_r2/pf_ode/seed_20250117/latents/latent_0053.npy,n100_k10,20250117
54,random_pfode,0.3445762190967093,/mnt/SSD3/Chase/budgetting O3/outputs/30jr/n100_k10/runs/30jr_paired_r2/pf_ode/seed_20250117/random/sample_0054.pdb,/mnt/SSD3/Chase/budgetting O3/outputs/30jr/n100_k10/runs/30jr_paired_r2/pf_ode/seed_20250117/latents/latent_0054.npy,n100_k10,20250117
55,random_pfode,0.2859274920989531,/mnt/SSD3/Chase/budgetting O3/outputs/30jr/n100_k10/runs/30jr_paired_r2/pf_ode/seed_20250117/random/sample_0055.pdb,/mnt/SSD3/Chase/budgetting O3/outputs/30jr/n100_k10/runs/30jr_paired_r2/pf_ode/seed_20250117/latents/latent_0055.npy,n100_k10,20250117
56,random_pfode,0.43199826399026225,/mnt/SSD3/Chase/budgetting O3/outputs/30jr/n100_k10/runs/30jr_paired_r2/pf_ode/seed_20250117/random/sample_0056.pdb,/mnt/SSD3/Chase/budgetting O3/outputs/30jr/n100_k10/runs/30jr_paired_r2/pf_ode/seed_20250117/latents/latent_0056.npy,n100_k10,20250117
57,random_pfode,0.3527106334829363,/mnt/SSD3/Chase/budgetting O3/outputs/30jr/n100_k10/runs/30jr_paired_r2/pf_ode/seed_20250117/random/sample_0057.pdb,/mnt/SSD3/Chase/budgetting O3/outputs/30jr/n100_k10/runs/30jr_paired_r2/pf_ode/seed_20250117/latents/latent_0057.npy,n100_k10,20250117
58,random_pfode,0.34984267767141436,/mnt/SSD3/Chase/budgetting O3/outputs/30jr/n100_k10/runs/30jr_paired_r2/pf_ode/seed_20250117/random/sample_0058.pdb,/mnt/SSD3/Chase/budgetting O3/outputs/30jr/n100_k10/runs/30jr_paired_r2/pf_ode/seed_20250117/latents/latent_0058.npy,n100_k10,20250117
59,random_pfode,0.3575269538348878,/mnt/SSD3/Chase/budgetting O3/outputs/30jr/n100_k10/runs/30jr_paired_r2/pf_ode/seed_20250117/random/sample_0059.pdb,/mnt/SSD3/Chase/budgetting O3/outputs/30jr/n100_k10/runs/30jr_paired_r2/pf_ode/seed_20250117/latents/latent_0059.npy,n100_k10,20250117
60,random_pfode,0.33724018287140994,/mnt/SSD3/Chase/budgetting O3/outputs/30jr/n100_k10/runs/30jr_paired_r2/pf_ode/seed_20250117/random/sample_0060.pdb,/mnt/SSD3/Chase/budgetting O3/outputs/30jr/n100_k10/runs/30jr_paired_r2/pf_ode/seed_20250117/latents/latent_0060.npy,n100_k10,20250117
61,random_pfode,0.35120975365663987,/mnt/SSD3/Chase/budgetting O3/outputs/30jr/n100_k10/runs/30jr_paired_r2/pf_ode/seed_20250117/random/sample_0061.pdb,/mnt/SSD3/Chase/budgetting O3/outputs/30jr/n100_k10/runs/30jr_paired_r2/pf_ode/seed_20250117/latents/latent_0061.npy,n100_k10,20250117
62,random_pfode,0.3544320673844755,/mnt/SSD3/Chase/budgetting O3/outputs/30jr/n100_k10/runs/30jr_paired_r2/pf_ode/seed_20250117/random/sample_0062.pdb,/mnt/SSD3/Chase/budgetting O3/outputs/30jr/n100_k10/runs/30jr_paired_r2/pf_ode/seed_20250117/latents/latent_0062.npy,n100_k10,20250117
63,random_pfode,0.33313840065961703,/mnt/SSD3/Chase/budgetting O3/outputs/30jr/n100_k10/runs/30jr_paired_r2/pf_ode/seed_20250117/random/sample_0063.pdb,/mnt/SSD3/Chase/budgetting O3/outputs/30jr/n100_k10/runs/30jr_paired_r2/pf_ode/seed_20250117/latents/latent_0063.npy,n100_k10,20250117
64,random_pfode,0.3415210438634634,/mnt/SSD3/Chase/budgetting O3/outputs/30jr/n100_k10/runs/30jr_paired_r2/pf_ode/seed_20250117/random/sample_0064.pdb,/mnt/SSD3/Chase/budgetting O3/outputs/30jr/n100_k10/runs/30jr_paired_r2/pf_ode/seed_20250117/latents/latent_0064.npy,n100_k10,20250117
65,random_pfode,0.37377297518952685,/mnt/SSD3/Chase/budgetting O3/outputs/30jr/n100_k10/runs/30jr_paired_r2/pf_ode/seed_20250117/random/sample_0065.pdb,/mnt/SSD3/Chase/budgetting O3/outputs/30jr/n100_k10/runs/30jr_paired_r2/pf_ode/seed_20250117/latents/latent_0065.npy,n100_k10,20250117
66,random_pfode,0.3904392718137981,/mnt/SSD3/Chase/budgetting O3/outputs/30jr/n100_k10/runs/30jr_paired_r2/pf_ode/seed_20250117/random/sample_0066.pdb,/mnt/SSD3/Chase/budgetting O3/outputs/30jr/n100_k10/runs/30jr_paired_r2/pf_ode/seed_20250117/latents/latent_0066.npy,n100_k10,20250117
67,random_pfode,0.3153398847645612,/mnt/SSD3/Chase/budgetting O3/outputs/30jr/n100_k10/runs/30jr_paired_r2/pf_ode/seed_20250117/random/sample_0067.pdb,/mnt/SSD3/Chase/budgetting O3/outputs/30jr/n100_k10/runs/30jr_paired_r2/pf_ode/seed_20250117/latents/latent_0067.npy,n100_k10,20250117
68,random_pfode,0.3316270970070353,/mnt/SSD3/Chase/budgetting O3/outputs/30jr/n100_k10/runs/30jr_paired_r2/pf_ode/seed_20250117/random/sample_0068.pdb,/mnt/SSD3/Chase/budgetting O3/outputs/30jr/n100_k10/runs/30jr_paired_r2/pf_ode/seed_20250117/latents/latent_0068.npy,n100_k10,20250117
69,random_pfode,0.318970966011333,/mnt/SSD3/Chase/budgetting O3/outputs/30jr/n100_k10/runs/30jr_paired_r2/pf_ode/seed_20250117/random/sample_0069.pdb,/mnt/SSD3/Chase/budgetting O3/outputs/30jr/n100_k10/runs/30jr_paired_r2/pf_ode/seed_20250117/latents/latent_0069.npy,n100_k10,20250117
70,random_pfode,0.425074720677578,/mnt/SSD3/Chase/budgetting O3/outputs/30jr/n100_k10/runs/30jr_paired_r2/pf_ode/seed_20250117/random/sample_0070.pdb,/mnt/SSD3/Chase/budgetting O3/outputs/30jr/n100_k10/runs/30jr_paired_r2/pf_ode/seed_20250117/latents/latent_0070.npy,n100_k10,20250117
71,random_pfode,0.3214681376829434,/mnt/SSD3/Chase/budgetting O3/outputs/30jr/n100_k10/runs/30jr_paired_r2/pf_ode/seed_20250117/random/sample_0071.pdb,/mnt/SSD3/Chase/budgetting O3/outputs/30jr/n100_k10/runs/30jr_paired_r2/pf_ode/seed_20250117/latents/latent_0071.npy,n100_k10,20250117
72,random_pfode,0.34573291165035847,/mnt/SSD3/Chase/budgetting O3/outputs/30jr/n100_k10/runs/30jr_paired_r2/pf_ode/seed_20250117/random/sample_0072.pdb,/mnt/SSD3/Chase/budgetting O3/outputs/30jr/n100_k10/runs/30jr_paired_r2/pf_ode/seed_20250117/latents/latent_0072.npy,n100_k10,20250117
73,random_pfode,0.3858657557114292,/mnt/SSD3/Chase/budgetting O3/outputs/30jr/n100_k10/runs/30jr_paired_r2/pf_ode/seed_20250117/random/sample_0073.pdb,/mnt/SSD3/Chase/budgetting O3/outputs/30jr/n100_k10/runs/30jr_paired_r2/pf_ode/seed_20250117/latents/latent_0073.npy,n100_k10,20250117
74,random_pfode,0.36285446580427166,/mnt/SSD3/Chase/budgetting O3/outputs/30jr/n100_k10/runs/30jr_paired_r2/pf_ode/seed_20250117/random/sample_0074.pdb,/mnt/SSD3/Chase/budgetting O3/outputs/30jr/n100_k10/runs/30jr_paired_r2/pf_ode/seed_20250117/latents/latent_0074.npy,n100_k10,20250117
75,random_pfode,0.3559902078072574,/mnt/SSD3/Chase/budgetting O3/outputs/30jr/n100_k10/runs/30jr_paired_r2/pf_ode/seed_20250117/random/sample_0075.pdb,/mnt/SSD3/Chase/budgetting O3/outputs/30jr/n100_k10/runs/30jr_paired_r2/pf_ode/seed_20250117/latents/latent_0075.npy,n100_k10,20250117
76,random_pfode,0.3421222962800646,/mnt/SSD3/Chase/budgetting O3/outputs/30jr/n100_k10/runs/30jr_paired_r2/pf_ode/seed_20250117/random/sample_0076.pdb,/mnt/SSD3/Chase/budgetting O3/outputs/30jr/n100_k10/runs/30jr_paired_r2/pf_ode/seed_20250117/latents/latent_0076.npy,n100_k10,20250117
77,random_pfode,0.3410321549932019,/mnt/SSD3/Chase/budgetting O3/outputs/30jr/n100_k10/runs/30jr_paired_r2/pf_ode/seed_20250117/random/sample_0077.pdb,/mnt/SSD3/Chase/budgetting O3/outputs/30jr/n100_k10/runs/30jr_paired_r2/pf_ode/seed_20250117/latents/latent_0077.npy,n100_k10,20250117
78,random_pfode,0.3341007885613617,/mnt/SSD3/Chase/budgetting O3/outputs/30jr/n100_k10/runs/30jr_paired_r2/pf_ode/seed_20250117/random/sample_0078.pdb,/mnt/SSD3/Chase/budgetting O3/outputs/30jr/n100_k10/runs/30jr_paired_r2/pf_ode/seed_20250117/latents/latent_0078.npy,n100_k10,20250117
79,random_pfode,0.35141566909436384,/mnt/SSD3/Chase/budgetting O3/outputs/30jr/n100_k10/runs/30jr_paired_r2/pf_ode/seed_20250117/random/sample_0079.pdb,/mnt/SSD3/Chase/budgetting O3/outputs/30jr/n100_k10/runs/30jr_paired_r2/pf_ode/seed_20250117/latents/latent_0079.npy,n100_k10,20250117
80,random_pfode,0.34463393899963307,/mnt/SSD3/Chase/budgetting O3/outputs/30jr/n100_k10/runs/30jr_paired_r2/pf_ode/seed_20250117/random/sample_0080.pdb,/mnt/SSD3/Chase/budgetting O3/outputs/30jr/n100_k10/runs/30jr_paired_r2/pf_ode/seed_20250117/latents/latent_0080.npy,n100_k10,20250117
81,random_pfode,0.33070143217444964,/mnt/SSD3/Chase/budgetting O3/outputs/30jr/n100_k10/runs/30jr_paired_r2/pf_ode/seed_20250117/random/sample_0081.pdb,/mnt/SSD3/Chase/budgetting O3/outputs/30jr/n100_k10/runs/30jr_paired_r2/pf_ode/seed_20250117/latents/latent_0081.npy,n100_k10,20250117
82,random_pfode,0.3452476324690326,/mnt/SSD3/Chase/budgetting O3/outputs/30jr/n100_k10/runs/30jr_paired_r2/pf_ode/seed_20250117/random/sample_0082.pdb,/mnt/SSD3/Chase/budgetting O3/outputs/30jr/n100_k10/runs/30jr_paired_r2/pf_ode/seed_20250117/latents/latent_0082.npy,n100_k10,20250117
83,random_pfode,0.35499064156166305,/mnt/SSD3/Chase/budgetting O3/outputs/30jr/n100_k10/runs/30jr_paired_r2/pf_ode/seed_20250117/random/sample_0083.pdb,/mnt/SSD3/Chase/budgetting O3/outputs/30jr/n100_k10/runs/30jr_paired_r2/pf_ode/seed_20250117/latents/latent_0083.npy,n100_k10,20250117
84,random_pfode,0.33197705194276195,/mnt/SSD3/Chase/budgetting O3/outputs/30jr/n100_k10/runs/30jr_paired_r2/pf_ode/seed_20250117/random/sample_0084.pdb,/mnt/SSD3/Chase/budgetting O3/outputs/30jr/n100_k10/runs/30jr_paired_r2/pf_ode/seed_20250117/latents/latent_0084.npy,n100_k10,20250117
85,random_pfode,0.32549349936931343,/mnt/SSD3/Chase/budgetting O3/outputs/30jr/n100_k10/runs/30jr_paired_r2/pf_ode/seed_20250117/random/sample_0085.pdb,/mnt/SSD3/Chase/budgetting O3/outputs/30jr/n100_k10/runs/30jr_paired_r2/pf_ode/seed_20250117/latents/latent_0085.npy,n100_k10,20250117
86,random_pfode,0.3420823706105906,/mnt/SSD3/Chase/budgetting O3/outputs/30jr/n100_k10/runs/30jr_paired_r2/pf_ode/seed_20250117/random/sample_0086.pdb,/mnt/SSD3/Chase/budgetting O3/outputs/30jr/n100_k10/runs/30jr_paired_r2/pf_ode/seed_20250117/latents/latent_0086.npy,n100_k10,20250117
87,random_pfode,0.33751054985032736,/mnt/SSD3/Chase/budgetting O3/outputs/30jr/n100_k10/runs/30jr_paired_r2/pf_ode/seed_20250117/random/sample_0087.pdb,/mnt/SSD3/Chase/budgetting O3/outputs/30jr/n100_k10/runs/30jr_paired_r2/pf_ode/seed_20250117/latents/latent_0087.npy,n100_k10,20250117
88,random_pfode,0.3167325631142678,/mnt/SSD3/Chase/budgetting O3/outputs/30jr/n100_k10/runs/30jr_paired_r2/pf_ode/seed_20250117/random/sample_0088.pdb,/mnt/SSD3/Chase/budgetting O3/outputs/30jr/n100_k10/runs/30jr_paired_r2/pf_ode/seed_20250117/latents/latent_0088.npy,n100_k10,20250117
89,random_pfode,0.35165159140029095,/mnt/SSD3/Chase/budgetting O3/outputs/30jr/n100_k10/runs/30jr_paired_r2/pf_ode/seed_20250117/random/sample_0089.pdb,/mnt/SSD3/Chase/budgetting O3/outputs/30jr/n100_k10/runs/30jr_paired_r2/pf_ode/seed_20250117/latents/latent_0089.npy,n100_k10,20250117
90,random_pfode,0.3242602042971502,/mnt/SSD3/Chase/budgetting O3/outputs/30jr/n100_k10/runs/30jr_paired_r2/pf_ode/seed_20250117/random/sample_0090.pdb,/mnt/SSD3/Chase/budgetting O3/outputs/30jr/n100_k10/runs/30jr_paired_r2/pf_ode/seed_20250117/latents/latent_0090.npy,n100_k10,20250117
91,random_pfode,0.3539601059242057,/mnt/SSD3/Chase/budgetting O3/outputs/30jr/n100_k10/runs/30jr_paired_r2/pf_ode/seed_20250117/random/sample_0091.pdb,/mnt/SSD3/Chase/budgetting O3/outputs/30jr/n100_k10/runs/30jr_paired_r2/pf_ode/seed_20250117/latents/latent_0091.npy,n100_k10,20250117
92,random_pfode,0.3521808452616761,/mnt/SSD3/Chase/budgetting O3/outputs/30jr/n100_k10/runs/30jr_paired_r2/pf_ode/seed_20250117/random/sample_0092.pdb,/mnt/SSD3/Chase/budgetting O3/outputs/30jr/n100_k10/runs/30jr_paired_r2/pf_ode/seed_20250117/latents/latent_0092.npy,n100_k10,20250117
93,random_pfode,0.31932163663343516,/mnt/SSD3/Chase/budgetting O3/outputs/30jr/n100_k10/runs/30jr_paired_r2/pf_ode/seed_20250117/random/sample_0093.pdb,/mnt/SSD3/Chase/budgetting O3/outputs/30jr/n100_k10/runs/30jr_paired_r2/pf_ode/seed_20250117/latents/latent_0093.npy,n100_k10,20250117
94,random_pfode,0.35580333087707494,/mnt/SSD3/Chase/budgetting O3/outputs/30jr/n100_k10/runs/30jr_paired_r2/pf_ode/seed_20250117/random/sample_0094.pdb,/mnt/SSD3/Chase/budgetting O3/outputs/30jr/n100_k10/runs/30jr_paired_r2/pf_ode/seed_20250117/latents/latent_0094.npy,n100_k10,20250117
95,random_pfode,0.3750924733957558,/mnt/SSD3/Chase/budgetting O3/outputs/30jr/n100_k10/runs/30jr_paired_r2/pf_ode/seed_20250117/random/sample_0095.pdb,/mnt/SSD3/Chase/budgetting O3/outputs/30jr/n100_k10/runs/30jr_paired_r2/pf_ode/seed_20250117/latents/latent_0095.npy,n100_k10,20250117
96,random_pfode,0.326484132995529,/mnt/SSD3/Chase/budgetting O3/outputs/30jr/n100_k10/runs/30jr_paired_r2/pf_ode/seed_20250117/random/sample_0096.pdb,/mnt/SSD3/Chase/budgetting O3/outputs/30jr/n100_k10/runs/30jr_paired_r2/pf_ode/seed_20250117/latents/latent_0096.npy,n100_k10,20250117
97,random_pfode,0.3509281211327376,/mnt/SSD3/Chase/budgetting O3/outputs/30jr/n100_k10/runs/30jr_paired_r2/pf_ode/seed_20250117/random/sample_0097.pdb,/mnt/SSD3/Chase/budgetting O3/outputs/30jr/n100_k10/runs/30jr_paired_r2/pf_ode/seed_20250117/latents/latent_0097.npy,n100_k10,20250117
98,random_pfode,0.28037320622836265,/mnt/SSD3/Chase/budgetting O3/outputs/30jr/n100_k10/runs/30jr_paired_r2/pf_ode/seed_20250117/random/sample_0098.pdb,/mnt/SSD3/Chase/budgetting O3/outputs/30jr/n100_k10/runs/30jr_paired_r2/pf_ode/seed_20250117/latents/latent_0098.npy,n100_k10,20250117
99,random_pfode,0.34286133343306013,/mnt/SSD3/Chase/budgetting O3/outputs/30jr/n100_k10/runs/30jr_paired_r2/pf_ode/seed_20250117/random/sample_0099.pdb,/mnt/SSD3/Chase/budgetting O3/outputs/30jr/n100_k10/runs/30jr_paired_r2/pf_ode/seed_20250117/latents/latent_0099.npy,n100_k10,20250117
