sample_index,sample_seed,run_seed,tm_score,structure,rank,selected
23,3752173611,1468070709,0.7807395726161421,/mnt/SSD3/Chase/budgetting O3/outputs/1cll/k5_n50/best_k_of_n/runs/n50_k5_run01/replicate_1468070709/samples/sample_0023/sample_0023.pdb,1,True
22,3752173610,1468070709,0.7759478038644919,/mnt/SSD3/Chase/budgetting O3/outputs/1cll/k5_n50/best_k_of_n/runs/n50_k5_run01/replicate_1468070709/samples/sample_0022/sample_0022.pdb,2,True
6,3752173594,1468070709,0.7616927859688719,/mnt/SSD3/Chase/budgetting O3/outputs/1cll/k5_n50/best_k_of_n/runs/n50_k5_run01/replicate_1468070709/samples/sample_0006/sample_0006.pdb,3,True
17,3752173605,1468070709,0.7587091558583438,/mnt/SSD3/Chase/budgetting O3/outputs/1cll/k5_n50/best_k_of_n/runs/n50_k5_run01/replicate_1468070709/samples/sample_0017/sample_0017.pdb,4,True
10,3752173598,1468070709,0.7547119126740927,/mnt/SSD3/Chase/budgetting O3/outputs/1cll/k5_n50/best_k_of_n/runs/n50_k5_run01/replicate_1468070709/samples/sample_0010/sample_0010.pdb,5,True
18,3752173606,1468070709,0.7395706789384506,/mnt/SSD3/Chase/budgetting O3/outputs/1cll/k5_n50/best_k_of_n/runs/n50_k5_run01/replicate_1468070709/samples/sample_0018/sample_0018.pdb,6,False
36,3752173624,1468070709,0.7133608914494837,/mnt/SSD3/Chase/budgetting O3/outputs/1cll/k5_n50/best_k_of_n/runs/n50_k5_run01/replicate_1468070709/samples/sample_0036/sample_0036.pdb,7,False
43,3752173631,1468070709,0.6936001353845737,/mnt/SSD3/Chase/budgetting O3/outputs/1cll/k5_n50/best_k_of_n/runs/n50_k5_run01/replicate_1468070709/samples/sample_0043/sample_0043.pdb,8,False
16,3752173604,1468070709,0.6694620860742886,/mnt/SSD3/Chase/budgetting O3/outputs/1cll/k5_n50/best_k_of_n/runs/n50_k5_run01/replicate_1468070709/samples/sample_0016/sample_0016.pdb,9,False
3,3752173591,1468070709,0.6677812134608527,/mnt/SSD3/Chase/budgetting O3/outputs/1cll/k5_n50/best_k_of_n/runs/n50_k5_run01/replicate_1468070709/samples/sample_0003/sample_0003.pdb,10,False
38,3752173626,1468070709,0.6667076531777537,/mnt/SSD3/Chase/budgetting O3/outputs/1cll/k5_n50/best_k_of_n/runs/n50_k5_run01/replicate_1468070709/samples/sample_0038/sample_0038.pdb,11,False
26,3752173614,1468070709,0.645011289479008,/mnt/SSD3/Chase/budgetting O3/outputs/1cll/k5_n50/best_k_of_n/runs/n50_k5_run01/replicate_1468070709/samples/sample_0026/sample_0026.pdb,12,False
32,3752173620,1468070709,0.6267613577997541,/mnt/SSD3/Chase/budgetting O3/outputs/1cll/k5_n50/best_k_of_n/runs/n50_k5_run01/replicate_1468070709/samples/sample_0032/sample_0032.pdb,13,False
20,3752173608,1468070709,0.5500926018973168,/mnt/SSD3/Chase/budgetting O3/outputs/1cll/k5_n50/best_k_of_n/runs/n50_k5_run01/replicate_1468070709/samples/sample_0020/sample_0020.pdb,14,False
42,3752173630,1468070709,0.5012116957039654,/mnt/SSD3/Chase/budgetting O3/outputs/1cll/k5_n50/best_k_of_n/runs/n50_k5_run01/replicate_1468070709/samples/sample_0042/sample_0042.pdb,15,False
40,3752173628,1468070709,0.4995801156560293,/mnt/SSD3/Chase/budgetting O3/outputs/1cll/k5_n50/best_k_of_n/runs/n50_k5_run01/replicate_1468070709/samples/sample_0040/sample_0040.pdb,16,False
46,3752173634,1468070709,0.4964063340250095,/mnt/SSD3/Chase/budgetting O3/outputs/1cll/k5_n50/best_k_of_n/runs/n50_k5_run01/replicate_1468070709/samples/sample_0046/sample_0046.pdb,17,False
34,3752173622,1468070709,0.4950320970671301,/mnt/SSD3/Chase/budgetting O3/outputs/1cll/k5_n50/best_k_of_n/runs/n50_k5_run01/replicate_1468070709/samples/sample_0034/sample_0034.pdb,18,False
30,3752173618,1468070709,0.49025363511073494,/mnt/SSD3/Chase/budgetting O3/outputs/1cll/k5_n50/best_k_of_n/runs/n50_k5_run01/replicate_1468070709/samples/sample_0030/sample_0030.pdb,19,False
15,3752173603,1468070709,0.47486341734255333,/mnt/SSD3/Chase/budgetting O3/outputs/1cll/k5_n50/best_k_of_n/runs/n50_k5_run01/replicate_1468070709/samples/sample_0015/sample_0015.pdb,20,False
7,3752173595,1468070709,0.4668823190046543,/mnt/SSD3/Chase/budgetting O3/outputs/1cll/k5_n50/best_k_of_n/runs/n50_k5_run01/replicate_1468070709/samples/sample_0007/sample_0007.pdb,21,False
39,3752173627,1468070709,0.4662026609185752,/mnt/SSD3/Chase/budgetting O3/outputs/1cll/k5_n50/best_k_of_n/runs/n50_k5_run01/replicate_1468070709/samples/sample_0039/sample_0039.pdb,22,False
49,3752173637,1468070709,0.4660941225551366,/mnt/SSD3/Chase/budgetting O3/outputs/1cll/k5_n50/best_k_of_n/runs/n50_k5_run01/replicate_1468070709/samples/sample_0049/sample_0049.pdb,23,False
14,3752173602,1468070709,0.46523876249234786,/mnt/SSD3/Chase/budgetting O3/outputs/1cll/k5_n50/best_k_of_n/runs/n50_k5_run01/replicate_1468070709/samples/sample_0014/sample_0014.pdb,24,False
31,3752173619,1468070709,0.4632956649016142,/mnt/SSD3/Chase/budgetting O3/outputs/1cll/k5_n50/best_k_of_n/runs/n50_k5_run01/replicate_1468070709/samples/sample_0031/sample_0031.pdb,25,False
41,3752173629,1468070709,0.46326145495944776,/mnt/SSD3/Chase/budgetting O3/outputs/1cll/k5_n50/best_k_of_n/runs/n50_k5_run01/replicate_1468070709/samples/sample_0041/sample_0041.pdb,26,False
48,3752173636,1468070709,0.4615754842867671,/mnt/SSD3/Chase/budgetting O3/outputs/1cll/k5_n50/best_k_of_n/runs/n50_k5_run01/replicate_1468070709/samples/sample_0048/sample_0048.pdb,27,False
24,3752173612,1468070709,0.4613504583798508,/mnt/SSD3/Chase/budgetting O3/outputs/1cll/k5_n50/best_k_of_n/runs/n50_k5_run01/replicate_1468070709/samples/sample_0024/sample_0024.pdb,28,False
28,3752173616,1468070709,0.46101509327697027,/mnt/SSD3/Chase/budgetting O3/outputs/1cll/k5_n50/best_k_of_n/runs/n50_k5_run01/replicate_1468070709/samples/sample_0028/sample_0028.pdb,29,False
37,3752173625,1468070709,0.4605876458498224,/mnt/SSD3/Chase/budgetting O3/outputs/1cll/k5_n50/best_k_of_n/runs/n50_k5_run01/replicate_1468070709/samples/sample_0037/sample_0037.pdb,30,False
5,3752173593,1468070709,0.46057967181813253,/mnt/SSD3/Chase/budgetting O3/outputs/1cll/k5_n50/best_k_of_n/runs/n50_k5_run01/replicate_1468070709/samples/sample_0005/sample_0005.pdb,31,False
2,3752173590,1468070709,0.4605354832423018,/mnt/SSD3/Chase/budgetting O3/outputs/1cll/k5_n50/best_k_of_n/runs/n50_k5_run01/replicate_1468070709/samples/sample_0002/sample_0002.pdb,32,False
47,3752173635,1468070709,0.45950448328536697,/mnt/SSD3/Chase/budgetting O3/outputs/1cll/k5_n50/best_k_of_n/runs/n50_k5_run01/replicate_1468070709/samples/sample_0047/sample_0047.pdb,33,False
19,3752173607,1468070709,0.45906744635540786,/mnt/SSD3/Chase/budgetting O3/outputs/1cll/k5_n50/best_k_of_n/runs/n50_k5_run01/replicate_1468070709/samples/sample_0019/sample_0019.pdb,34,False
25,3752173613,1468070709,0.45874099507232063,/mnt/SSD3/Chase/budgetting O3/outputs/1cll/k5_n50/best_k_of_n/runs/n50_k5_run01/replicate_1468070709/samples/sample_0025/sample_0025.pdb,35,False
8,3752173596,1468070709,0.45618486410646775,/mnt/SSD3/Chase/budgetting O3/outputs/1cll/k5_n50/best_k_of_n/runs/n50_k5_run01/replicate_1468070709/samples/sample_0008/sample_0008.pdb,36,False
0,3752173588,1468070709,0.45610413273511174,/mnt/SSD3/Chase/budgetting O3/outputs/1cll/k5_n50/best_k_of_n/runs/n50_k5_run01/replicate_1468070709/samples/sample_0000/sample_0000.pdb,37,False
1,3752173589,1468070709,0.4553881078383295,/mnt/SSD3/Chase/budgetting O3/outputs/1cll/k5_n50/best_k_of_n/runs/n50_k5_run01/replicate_1468070709/samples/sample_0001/sample_0001.pdb,38,False
45,3752173633,1468070709,0.4548166468711716,/mnt/SSD3/Chase/budgetting O3/outputs/1cll/k5_n50/best_k_of_n/runs/n50_k5_run01/replicate_1468070709/samples/sample_0045/sample_0045.pdb,39,False
13,3752173601,1468070709,0.45465713714534733,/mnt/SSD3/Chase/budgetting O3/outputs/1cll/k5_n50/best_k_of_n/runs/n50_k5_run01/replicate_1468070709/samples/sample_0013/sample_0013.pdb,40,False
12,3752173600,1468070709,0.4542444425476271,/mnt/SSD3/Chase/budgetting O3/outputs/1cll/k5_n50/best_k_of_n/runs/n50_k5_run01/replicate_1468070709/samples/sample_0012/sample_0012.pdb,41,False
11,3752173599,1468070709,0.4530095653702005,/mnt/SSD3/Chase/budgetting O3/outputs/1cll/k5_n50/best_k_of_n/runs/n50_k5_run01/replicate_1468070709/samples/sample_0011/sample_0011.pdb,42,False
44,3752173632,1468070709,0.4524491616273483,/mnt/SSD3/Chase/budgetting O3/outputs/1cll/k5_n50/best_k_of_n/runs/n50_k5_run01/replicate_1468070709/samples/sample_0044/sample_0044.pdb,43,False
33,3752173621,1468070709,0.4446825274228925,/mnt/SSD3/Chase/budgetting O3/outputs/1cll/k5_n50/best_k_of_n/runs/n50_k5_run01/replicate_1468070709/samples/sample_0033/sample_0033.pdb,44,False
4,3752173592,1468070709,0.4420460139941575,/mnt/SSD3/Chase/budgetting O3/outputs/1cll/k5_n50/best_k_of_n/runs/n50_k5_run01/replicate_1468070709/samples/sample_0004/sample_0004.pdb,45,False
29,3752173617,1468070709,0.4417555445821519,/mnt/SSD3/Chase/budgetting O3/outputs/1cll/k5_n50/best_k_of_n/runs/n50_k5_run01/replicate_1468070709/samples/sample_0029/sample_0029.pdb,46,False
27,3752173615,1468070709,0.4417493177789982,/mnt/SSD3/Chase/budgetting O3/outputs/1cll/k5_n50/best_k_of_n/runs/n50_k5_run01/replicate_1468070709/samples/sample_0027/sample_0027.pdb,47,False
9,3752173597,1468070709,0.44149530737002957,/mnt/SSD3/Chase/budgetting O3/outputs/1cll/k5_n50/best_k_of_n/runs/n50_k5_run01/replicate_1468070709/samples/sample_0009/sample_0009.pdb,48,False
35,3752173623,1468070709,0.43525545226427537,/mnt/SSD3/Chase/budgetting O3/outputs/1cll/k5_n50/best_k_of_n/runs/n50_k5_run01/replicate_1468070709/samples/sample_0035/sample_0035.pdb,49,False
21,3752173609,1468070709,0.3959250947140215,/mnt/SSD3/Chase/budgetting O3/outputs/1cll/k5_n50/best_k_of_n/runs/n50_k5_run01/replicate_1468070709/samples/sample_0021/sample_0021.pdb,50,False
